tool,replicate,config,sub_ms
legacy,2,a_N100_V3+3D,113.23366698343307
legacy,2,a_N100_V3+3D,112.61220904998481
legacy,2,a_N100_V3+3D,112.89137497078627
legacy,2,a_N100_V3+3D,112.42033389862627
legacy,2,a_N100_V3+3D,112.61758394539356
legacy,2,a_N100_V3+3D,112.50954098068178
legacy,2,a_N100_V3+3D,112.561458023265
legacy,2,a_N100_V3+3D,113.40579204261303
legacy,2,a_N100_V3+3D,112.32995800673962
legacy,2,a_N100_V3+3D,112.53624991513789
legacy,2,a_N100_V3+3D,112.1841249987483
legacy,2,a_N100_V3+3D,112.38795903045684
legacy,2,a_N100_V3+3D,112.65870905481279
legacy,2,a_N100_V3+3D,112.5586659181863
legacy,2,a_N100_V3+3D,112.60437499731779
legacy,2,a_N100_V3+3D,112.47395793907344
legacy,2,a_N100_V3+3D,112.99175000749528
legacy,2,a_N100_V3+3D,113.45433292444795
legacy,2,a_N100_V3+3D,112.3170000500977
legacy,2,a_N100_V3+3D,112.01758403331041
legacy,2,a_N100_V3+3D,111.95208295248449
legacy,2,a_N100_V3+3D,112.8393750404939
legacy,2,a_N100_V3+3D,112.74258303456008
legacy,2,a_N100_V3+3D,112.49279195908457
legacy,2,a_N100_V3+3D,112.17012500856072
legacy,2,a_N100_V3+3D,112.28270805440843
legacy,2,a_N100_V3+3D,113.60624991357327
legacy,2,a_N100_V3+3D,112.29354096576571
legacy,2,a_N100_V3+3D,112.01000004075468
legacy,2,a_N100_V3+3D,112.16733301989734
legacy,2,a_N100_V3+3D,112.06216702703387
legacy,2,a_N100_V3+3D,112.8391659585759
legacy,2,a_N100_V3+3D,112.26625007111579
legacy,2,a_N100_V3+3D,112.26675007492304
legacy,2,a_N100_V3+3D,112.22162493504584
legacy,2,a_N100_V3+3D,113.01520897541195
legacy,2,a_N100_V3+3D,112.06750001292676
legacy,2,a_N100_V3+3D,111.93520901724696
legacy,2,a_N100_V3+3D,111.97970807552338
legacy,2,a_N100_V3+3D,111.9097089394927
legacy,2,a_N100_V3+3D,112.17529105488211
legacy,2,a_N100_V3+3D,112.33262508176267
legacy,2,a_N100_V3+3D,112.20320803113282
legacy,2,a_N100_V3+3D,112.16345801949501
legacy,2,a_N100_V3+3D,112.14262491557747
legacy,2,a_N100_V3+3D,112.81537497416139
legacy,2,a_N100_V3+3D,114.8769580759108
legacy,2,a_N100_V3+3D,112.98962496221066
legacy,2,a_N100_V3+3D,112.66170802991837
legacy,2,a_N100_V3+3D,113.47087495960295
legacy,2,a_N100_V3+3D,113.0660839844495
legacy,2,a_N100_V3+3D,112.64791595749557
legacy,2,a_N100_V3+3D,112.50699998345226
legacy,2,a_N100_V3+3D,112.56616609171033
legacy,2,a_N100_V3+3D,113.753667101264
legacy,2,a_N100_V3+3D,112.66637500375509
legacy,2,a_N100_V3+3D,113.01995802205056
legacy,2,a_N100_V3+3D,113.01508406177163
legacy,2,a_N100_V3+3D,112.97383392229676
legacy,2,a_N100_V3+3D,113.31725004129112
legacy,2,a_N100_V3+3D,113.18508395925164
legacy,2,a_N100_V3+3D,113.12837502919137
legacy,2,a_N100_V3+3D,113.2253339746967
legacy,2,a_N100_V3+3D,114.36158302240074
legacy,2,a_N100_V3+3D,115.10866601020098
legacy,2,a_N100_V3+3D,117.09070892538875
legacy,2,a_N100_V3+3D,115.28904200531542
legacy,2,a_N100_V3+3D,114.12895901594311
legacy,2,a_N100_V3+3D,112.4990419484675
legacy,2,a_N100_V3+3D,112.7079160651192
legacy,2,a_N100_V3+3D,112.93504200875759
legacy,2,a_N100_V3+3D,112.76158306282014
legacy,2,a_N100_V3+3D,113.2162919966504
legacy,2,a_N100_V3+3D,112.4467080226168
legacy,2,a_N100_V3+3D,112.95737500768155
legacy,2,a_N100_V3+3D,112.12162510491908
legacy,2,a_N100_V3+3D,111.74049996770918
legacy,2,a_N100_V3+3D,111.858541960828
legacy,2,a_N100_V3+3D,112.54183307755738
legacy,2,a_N100_V3+3D,112.06987500190735
legacy,2,a_N100_V3+3D,112.35270800534636
legacy,2,a_N100_V3+3D,113.0972090177238
legacy,2,a_N100_V3+3D,118.01816592924297
legacy,2,a_N100_V3+3D,116.2015839945525
legacy,2,a_N100_V3+3D,116.47725000511855
legacy,2,a_N100_V3+3D,116.04945792350918
legacy,2,a_N100_V3+3D,115.65916601102799
legacy,2,a_N100_V3+3D,115.95350003335625
legacy,2,a_N100_V3+3D,116.04670796077698
legacy,2,a_N100_V3+3D,115.42554199695587
legacy,2,a_N100_V3+3D,115.92737503815442
legacy,2,a_N100_V3+3D,114.70387503504753
legacy,2,a_N100_V3+3D,114.19287498574704
legacy,2,a_N100_V3+3D,112.70345794036984
legacy,2,a_N100_V3+3D,112.53904190380126
legacy,2,a_N100_V3+3D,113.54595806915313
legacy,2,a_N100_V3+3D,112.50225000549108
legacy,2,a_N100_V3+3D,112.22216696478426
legacy,2,a_N100_V3+3D,112.35750000923872
legacy,2,a_N100_V3+3D,112.641750019975
legacy,2,a_N100_V3+3D,112.56470798980445
legacy,2,a_N100_V3+3D,112.18537495005876
legacy,2,a_N100_V3+3D,112.25754104088992
legacy,2,a_N100_V3+3D,112.27454198524356
legacy,2,a_N100_V3+3D,112.13320808019489
legacy,2,a_N100_V3+3D,112.46750003192574
legacy,2,a_N100_V3+3D,115.45533407479525
legacy,2,a_N100_V3+3D,112.16341704130173
legacy,2,a_N100_V3+3D,112.1416250243783
legacy,2,a_N100_V3+3D,113.06045902892947
legacy,2,a_N100_V3+3D,112.6730830874294
legacy,2,a_N100_V3+3D,111.70854198280722
legacy,2,a_N100_V3+3D,112.0526660233736
legacy,2,a_N100_V3+3D,112.13820904958993
legacy,2,a_N100_V3+3D,111.8595419684425
legacy,2,a_N100_V3+3D,112.43099998682737
legacy,2,a_N100_V3+3D,112.05925000831485
legacy,2,a_N100_V3+3D,111.67933302931488
legacy,2,a_N100_V3+3D,112.89720796048641
legacy,2,a_N100_V3+3D,112.28337499778718
legacy,2,a_N100_V3+3D,111.76504101604223
legacy,2,a_N100_V3+3D,110.84220896009356
legacy,2,a_N100_V3+3D,110.6245000846684
legacy,2,a_N100_V3+3D,111.14024999551475
legacy,2,a_N100_V3+3D,110.69462506566197
legacy,2,a_N100_V3+3D,110.76616693753749
legacy,2,a_N100_V3+3D,111.78408295381814
legacy,2,a_N100_V3+3D,110.8244169736281
legacy,2,a_N100_V3+3D,110.8362500090152
legacy,2,a_N100_V3+3D,111.00675002671778
legacy,2,a_N100_V3+3D,110.754165914841
legacy,2,a_N100_V3+3D,110.6230840086937
legacy,2,a_N100_V3+3D,110.97154091112316
legacy,2,a_N100_V3+3D,110.8877919614315
legacy,2,a_N100_V3+3D,110.63108302187175
legacy,2,a_N100_V3+3D,110.93579197768122
legacy,2,a_N100_V3+3D,111.27666593529284
legacy,2,a_N100_V3+3D,110.88091693818569
legacy,2,a_N100_V3+3D,110.84249999839813
legacy,2,a_N100_V3+3D,110.7394170248881
legacy,2,a_N100_V3+3D,110.76737497933209
legacy,2,a_N100_V3+3D,110.91304197907448
legacy,2,a_N100_V3+3D,111.66558298282325
legacy,2,a_N100_V3+3D,110.8074999647215
legacy,2,a_N100_V3+3D,110.10062496643513
legacy,2,a_N100_V3+3D,111.37050006072968
legacy,2,a_N100_V3+3D,110.73712504003197
legacy,2,a_N100_V3+3D,111.20687494985759
legacy,2,a_N100_V3+3D,111.12966691143811
legacy,2,a_N100_V3+3D,110.68220797460526
legacy,2,a_N100_V3+3D,111.01995804347098
legacy,2,a_N100_V3+3D,110.93295796308666
legacy,2,a_N100_V3+3D,112.51000000629574
legacy,2,a_N100_V3+3D,111.41679098363966
legacy,2,a_N100_V3+3D,112.16958297882229
legacy,2,a_N100_V3+3D,111.17204104084522
legacy,2,a_N100_V3+3D,110.44745799154043
legacy,2,a_N100_V3+3D,110.75958400033414
legacy,2,a_N100_V3+3D,110.67987501155585
legacy,2,a_N100_V3+3D,111.11929209437221
legacy,2,a_N100_V3+3D,111.06529191602021
legacy,2,a_N100_V3+3D,111.21724999975413
legacy,2,a_N100_V3+3D,111.27320805098861
legacy,2,a_N100_V3+3D,111.44558293744922
legacy,2,a_N100_V3+3D,112.04291705507785
legacy,2,a_N100_V3+3D,111.18833301588893
legacy,2,a_N100_V3+3D,111.64020805153996
legacy,2,a_N100_V3+3D,111.22629104647785
legacy,2,a_N100_V3+3D,111.11350008286536
legacy,2,a_N100_V3+3D,111.22112500015646
legacy,2,a_N100_V3+3D,110.95474998001009
legacy,2,a_N100_V3+3D,111.17004102561623
legacy,2,a_N100_V3+3D,114.5667500095442
legacy,2,a_N100_V3+3D,112.50979197211564
legacy,2,a_N100_V3+3D,111.66383395902812
legacy,2,a_N100_V3+3D,112.71854094229639
legacy,2,a_N100_V3+3D,112.32737498357892
legacy,2,a_N100_V3+3D,111.33854102808982
legacy,2,a_N100_V3+3D,111.3130000885576
legacy,2,a_N100_V3+3D,111.19949992280453
legacy,2,a_N100_V3+3D,112.64716694131494
legacy,2,a_N100_V3+3D,112.31654090806842
legacy,2,a_N100_V3+3D,112.92958399280906
legacy,2,a_N100_V3+3D,111.88666592352092
legacy,2,a_N100_V3+3D,113.05262497626245
legacy,2,a_N100_V3+3D,112.47479100711644
legacy,2,a_N100_V3+3D,112.1945419581607
legacy,2,a_N100_V3+3D,111.78183392621577
legacy,2,a_N100_V3+3D,111.69095791410655
legacy,2,a_N100_V3+3D,112.2798330616206
legacy,2,a_N100_V3+3D,112.1978749288246
legacy,2,a_N100_V3+3D,112.46454203501344
legacy,2,a_N100_V3+3D,111.88800004310906
legacy,2,a_N100_V3+3D,111.77791596855968
legacy,2,a_N100_V3+3D,112.09933401551098
legacy,2,a_N100_V3+3D,111.60016595385969
legacy,2,a_N100_V3+3D,111.81599996052682
legacy,2,a_N100_V3+3D,111.74862505868077
legacy,2,a_N100_V3+3D,111.87074996996671
legacy,2,a_N100_V3+3D,112.046750029549
legacy,2,a_N100_V3+3D,111.65670794434845
legacy,2,a_N100_V3+3D,112.3284170171246
legacy,2,a_N100_V3+3D,111.63449997548014
legacy,2,a_N100_V3+3D,112.11662495043129
legacy,2,a_N100_V3+3D,111.84770904947072
legacy,2,a_N100_V3+3D,111.45433399360627
legacy,2,a_N100_V3+3D,111.376375076361
legacy,2,a_N100_V3+3D,111.65683390572667
legacy,2,a_N100_V3+3D,111.95950000546873
legacy,2,a_N100_V3+3D,111.40029097441584
legacy,2,a_N100_V3+3D,112.2162090614438
legacy,2,a_N100_V3+3D,112.08895908202976
legacy,2,a_N100_V3+3D,111.26529204193503
legacy,2,a_N100_V3+3D,111.7946250597015
legacy,2,a_N100_V3+3D,111.76949995569885
legacy,2,a_N100_V3+3D,111.4836250199005
legacy,2,a_N100_V3+3D,111.44362494815141
legacy,2,a_N100_V3+3D,111.7778749903664
legacy,2,a_N100_V3+3D,112.04362497664988
legacy,2,a_N100_V3+3D,111.44533311016858
legacy,2,a_N100_V3+3D,112.25858295802027
legacy,2,a_N100_V3+3D,111.69316701125354
legacy,2,a_N100_V3+3D,111.74083303194493
legacy,2,a_N100_V3+3D,111.38474999461323
legacy,2,a_N100_V3+3D,111.52649996802211
legacy,2,a_N100_V3+3D,111.51604203041643
legacy,2,a_N100_V3+3D,111.33229092229158
legacy,2,a_N100_V3+3D,111.98433302342892
legacy,2,a_N100_V3+3D,111.54029099270701
legacy,2,a_N100_V3+3D,111.94545798934996
legacy,2,a_N100_V3+3D,111.57804192043841
legacy,2,a_N100_V3+3D,110.5453340569511
legacy,2,a_N100_V3+3D,111.67741706594825
legacy,2,a_N100_V3+3D,111.83933296706527
legacy,2,a_N100_V3+3D,111.57470790203661
legacy,2,a_N100_V3+3D,111.45025002770126
legacy,2,a_N100_V3+3D,111.21150001417845
legacy,2,a_N100_V3+3D,111.73649993725121
legacy,2,a_N100_V3+3D,113.03966690320522
legacy,2,a_N100_V3+3D,111.56720796134323
legacy,2,a_N100_V3+3D,114.79983292520046
legacy,2,a_N100_V3+3D,114.61633408907801
legacy,2,a_N100_V3+3D,113.35529095958918
legacy,2,a_N100_V3+3D,111.9483329821378
legacy,2,a_N100_V3+3D,113.5467499261722
legacy,2,a_N100_V3+3D,112.8720830893144
legacy,2,a_N100_V3+3D,111.98533303104341
legacy,2,a_N100_V3+3D,112.59258294012398
legacy,2,a_N100_V3+3D,111.8424580199644
legacy,2,a_N100_V3+3D,111.96854105219245
legacy,2,a_N100_V3+3D,112.01579205226153
legacy,2,a_N100_V3+3D,112.00075002852827
legacy,2,a_N100_V3+3D,111.87891697045416
legacy,2,a_N100_V3+3D,112.87379206623882
legacy,2,a_N100_V3+3D,112.07133298739791
legacy,2,a_N100_V3+3D,112.14250000193715
legacy,2,a_N100_V3+3D,112.57120897062123
legacy,2,a_N100_V3+3D,111.761917010881
legacy,2,a_N100_V3+3D,111.29775003064424
legacy,2,a_N100_V3+3D,111.66112497448921
legacy,2,a_N100_V3+3D,111.45166703499854
legacy,2,a_N100_V3+3D,111.45333293825388
legacy,2,a_N100_V3+3D,111.63270799443126
legacy,2,a_N100_V3+3D,111.45375005435199
legacy,2,a_N100_V3+3D,111.74387496430427
legacy,2,a_N100_V3+3D,111.44062504172325
legacy,2,a_N100_V3+3D,112.18295805156231
legacy,2,a_N100_V3+3D,111.16933298762888
legacy,2,a_N100_V3+3D,111.76987492945045
legacy,2,a_N100_V3+3D,111.87579110264778
legacy,2,a_N100_V3+3D,111.13774997647852
legacy,2,a_N100_V3+3D,111.09458399005234
legacy,2,a_N100_V3+3D,111.15420900750905
legacy,2,a_N100_V3+3D,111.19558301288635
legacy,2,a_N100_V3+3D,111.86291603371501
legacy,2,a_N100_V3+3D,113.11083403415978
legacy,2,a_N100_V3+3D,111.45916697569191
legacy,2,a_N100_V3+3D,111.1566670006141
legacy,2,a_N100_V3+3D,110.8839160297066
legacy,2,a_N100_V3+3D,112.10887494962662
legacy,2,a_N100_V3+3D,111.45616695284843
legacy,2,a_N100_V3+3D,111.59729189239442
legacy,2,a_N100_V3+3D,111.42129194922745
legacy,2,a_N100_V3+3D,117.74658400099725
legacy,2,a_N100_V3+3D,117.67829197924584
legacy,2,a_N100_V3+3D,113.42495796270669
legacy,2,a_N100_V3+3D,113.03458397742361
legacy,2,a_N100_V3+3D,111.826500040479
legacy,2,a_N100_V3+3D,112.32425004709512
legacy,2,a_N100_V3+3D,111.41695897094905
legacy,2,a_N100_V3+3D,112.01083299238235
legacy,2,a_N100_V3+3D,112.2453750576824
legacy,2,a_N100_V3+3D,112.01179202180356
legacy,2,a_N100_V3+3D,112.34258394688368
legacy,2,a_N100_V3+3D,112.37749992869794
legacy,2,a_N100_V3+3D,112.26587498094887
legacy,2,a_N100_V3+3D,111.84525000862777
legacy,2,a_N100_V3+3D,112.34870902262628
legacy,2,a_N100_V3+3D,112.33425000682473
legacy,2,a_N100_V3+3D,114.4255829276517
legacy,2,a_N100_V3+3D,112.7655419986695
legacy,2,a_N100_V3+3D,113.83808392565697
legacy,2,a_N100_V3+3D,112.4515829142183
legacy,2,a_N100_V3+3D,112.32112511061132
legacy,2,a_N100_V3+3D,111.77933297585696
legacy,2,a_N100_V3+3D,111.80475004948676
legacy,2,a_N100_V3+3D,111.71112500596792
legacy,2,a_N100_V3+3D,111.54937499668449
legacy,2,a_N100_V3+3D,111.69033299665898
legacy,2,a_N100_V3+3D,111.4178339485079
legacy,2,a_N100_V3+3D,111.9146659038961
legacy,2,a_N100_V3+3D,112.57404193747789
legacy,2,a_N100_V3+3D,112.04304196871817
legacy,2,a_N100_V3+3D,111.6950421128422
legacy,2,a_N100_V3+3D,111.96479096543044
legacy,2,a_N100_V3+3D,111.7189999204129
legacy,2,a_N100_V3+3D,111.91829096060246
legacy,2,a_N100_V3+3D,111.53020802885294
legacy,2,a_N100_V3+3D,111.76145810168236
legacy,2,a_N100_V3+3D,111.8261250667274
legacy,2,a_N100_V3+3D,111.43150005955249
legacy,2,a_N100_V3+3D,112.54191701300442
legacy,2,a_N100_V3+3D,111.9827920338139
legacy,2,a_N100_V3+3D,111.63379193749279
legacy,2,a_N100_V3+3D,111.74849991220981
legacy,2,a_N100_V3+3D,112.23450000397861
legacy,2,a_N100_V3+3D,111.65920901112258
legacy,2,a_N100_V3+3D,111.25858395826072
legacy,2,a_N100_V3+3D,111.54658300802112
legacy,2,a_N100_V3+3D,111.70595802832395
legacy,2,a_N100_V3+3D,112.51266696490347
legacy,2,a_N100_V3+3D,111.38045799452811
legacy,2,a_N100_V3+3D,112.1268750866875
legacy,2,a_N100_V3+3D,111.82916699908674
legacy,2,a_N100_V3+3D,111.71949992422014
legacy,2,a_N100_V3+3D,111.97279090993106
legacy,2,a_N100_V3+3D,111.72304092906415
legacy,2,a_N100_V3+3D,111.60404200199991
legacy,2,a_N100_V3+3D,111.51620896998793
legacy,2,a_N100_V3+3D,112.13345802389085
legacy,2,a_N100_V3+3D,112.57495905738324
legacy,2,a_N100_V3+3D,111.47258302662522
legacy,2,a_N100_V3+3D,111.08045896980911
legacy,2,a_N100_V3+3D,111.16970796138048
legacy,2,a_N100_V3+3D,111.68804205954075
legacy,2,a_N100_V3+3D,111.28362501040101
legacy,2,a_N100_V3+3D,111.63329100236297
legacy,2,a_N100_V3+3D,111.48683296050876
legacy,2,a_N100_V3+3D,111.69391602743417
legacy,2,a_N100_V3+3D,112.25154099520296
legacy,2,a_N100_V3+3D,111.68391606770456
legacy,2,a_N100_V3+3D,111.47145903669298
legacy,2,a_N100_V3+3D,111.60870792809874
legacy,2,a_N100_V3+3D,111.75599996931851
legacy,2,a_N100_V3+3D,111.955166910775
legacy,2,a_N100_V3+3D,111.26050003804266
legacy,2,a_N100_V3+3D,111.65395902935416
legacy,2,a_N100_V3+3D,111.73920799046755
legacy,2,a_N100_V3+3D,112.08804103080183
legacy,2,a_N100_V3+3D,111.94987501949072
legacy,2,a_N100_V3+3D,113.05275000631809
legacy,2,a_N100_V3+3D,112.48224996961653
legacy,2,a_N100_V3+3D,112.71733301691711
legacy,2,a_N100_V3+3D,112.2307920595631
legacy,2,a_N100_V3+3D,113.70408395305276
legacy,2,a_N100_V3+3D,112.58474993519485
legacy,2,a_N100_V3+3D,113.0019169067964
legacy,2,a_N100_V3+3D,113.5666249319911
legacy,2,a_N100_V3+3D,112.13741695974022
legacy,2,a_N100_V3+3D,112.09079099353403
legacy,2,a_N100_V3+3D,112.01120808254927
legacy,2,a_N100_V3+3D,112.07200004719198
legacy,2,a_N100_V3+3D,112.16049990616739
legacy,2,a_N100_V3+3D,112.35012498218566
legacy,2,a_N100_V3+3D,112.23599989898503
legacy,2,a_N100_V3+3D,111.69337504543364
legacy,2,a_N100_V3+3D,113.16950002219528
legacy,2,a_N100_V3+3D,111.8932090466842
legacy,2,a_N100_V3+3D,111.93037498742342
legacy,2,a_N100_V3+3D,111.81666608899832
legacy,2,a_N100_V3+3D,111.88874999061227
legacy,2,a_N100_V3+3D,112.07912501413375
legacy,2,a_N100_V3+3D,112.26866592187434
legacy,2,a_N100_V3+3D,111.92737496457994
legacy,2,a_N100_V3+3D,111.76212504506111
legacy,2,a_N100_V3+3D,112.79775004368275
legacy,2,a_N100_V3+3D,112.42183297872543
legacy,2,a_N100_V3+3D,112.0888750301674
legacy,2,a_N100_V3+3D,111.83125001844019
legacy,2,a_N100_V3+3D,112.00895893853158
legacy,2,a_N100_V3+3D,111.48316704202443
legacy,2,a_N100_V3+3D,111.79079103749245
legacy,2,a_N100_V3+3D,111.7158749839291
legacy,2,a_N100_V3+3D,111.4993339870125
legacy,2,a_N100_V3+3D,111.4562499569729
legacy,2,a_N100_V3+3D,112.71433311048895
legacy,2,a_N100_V3+3D,111.78145802114159
legacy,2,a_N100_V3+3D,111.58629204146564
legacy,2,a_N100_V3+3D,111.80166702251881
legacy,2,a_N100_V3+3D,111.80041602347046
legacy,2,a_N100_V3+3D,112.22529096994549
legacy,2,a_N100_V3+3D,111.6168750450015
legacy,2,a_N100_V3+3D,111.70837504323572
legacy,2,a_N100_V3+3D,111.61516699939966
legacy,2,a_N100_V3+3D,112.25424997974187
legacy,2,a_N100_V3+3D,112.1672090375796
legacy,2,a_N100_V3+3D,111.67695804033428
legacy,2,a_N100_V3+3D,111.4314169390127
legacy,2,a_N100_V3+3D,111.89120798371732
legacy,2,a_N100_V3+3D,112.04112495761365
legacy,2,a_N100_V3+3D,113.59299998730421
legacy,2,a_N100_V3+3D,113.02383290603757
legacy,2,a_N100_V3+3D,111.7916670627892
legacy,2,a_N100_V3+3D,112.19629098195583
legacy,2,a_N100_V3+3D,113.12387499492615
legacy,2,a_N100_V3+3D,112.73195804096758
legacy,2,a_N100_V3+3D,112.05362505279481
legacy,2,a_N100_V3+3D,112.0209590299055
legacy,2,a_N100_V3+3D,112.26495797745883
legacy,2,a_N100_V3+3D,112.43912496138364
legacy,2,a_N100_V3+3D,112.54562495741993
legacy,2,a_N100_V3+3D,112.49462503474206
legacy,2,a_N100_V3+3D,112.7214579610154
legacy,2,a_N100_V3+3D,112.4545419588685
legacy,2,a_N100_V3+3D,112.18616703990847
legacy,2,a_N100_V3+3D,112.11745801847428
legacy,2,a_N100_V3+3D,112.29533306322992
legacy,2,a_N100_V3+3D,112.03183303587139
legacy,2,a_N100_V3+3D,112.59541707113385
legacy,2,a_N100_V3+3D,111.92587506957352
legacy,2,a_N100_V3+3D,116.5345839690417
legacy,2,a_N100_V3+3D,113.21550002321601
legacy,2,a_N100_V3+3D,112.75645799469203
legacy,2,a_N100_V3+3D,112.6612500520423
legacy,2,a_N100_V3+3D,112.29483305942267
legacy,2,a_N100_V3+3D,112.82333405688405
legacy,2,a_N100_V3+3D,112.71404102444649
legacy,2,a_N100_V3+3D,112.611208925955
legacy,2,a_N100_V3+3D,112.39779193419963
legacy,2,a_N100_V3+3D,112.28070792276412
legacy,2,a_N100_V3+3D,112.13112494442612
legacy,2,a_N100_V3+3D,113.09845896903425
legacy,2,a_N100_V3+3D,113.06174995843321
legacy,2,a_N100_V3+3D,112.13441600557417
legacy,2,a_N100_V3+3D,112.66412492841482
legacy,2,a_N100_V3+3D,112.29891690891236
legacy,2,a_N100_V3+3D,112.48495907057077
legacy,2,a_N100_V3+3D,112.65470902435482
legacy,2,a_N100_V3+3D,112.12254199199378
legacy,2,a_N100_V3+3D,112.36862500663847
legacy,2,a_N100_V3+3D,112.89475008379668
legacy,2,a_N100_V3+3D,112.7234169980511
legacy,2,a_N100_V3+3D,112.450834014453
legacy,2,a_N100_V3+3D,112.44579195044935
legacy,2,a_N100_V3+3D,112.48324997723103
legacy,2,a_N100_V3+3D,112.00012499466538
legacy,2,a_N100_V3+3D,112.57441702764481
legacy,2,a_N100_V3+3D,112.4724589753896
legacy,2,a_N100_V3+3D,112.18229192309082
legacy,2,a_N100_V3+3D,112.19675000756979
legacy,2,a_N100_V3+3D,112.66358301509172
legacy,2,a_N100_V3+3D,112.80699993949383
legacy,2,a_N100_V3+3D,112.73562500718981
legacy,2,a_N100_V3+3D,112.28979204315692
legacy,2,a_N100_V3+3D,112.30620800051838
legacy,2,a_N100_V3+3D,112.2258750256151
legacy,2,a_N100_V3+3D,112.43112501688302
legacy,2,a_N100_V3+3D,112.31591599062085
legacy,2,a_N100_V3+3D,111.90587503369898
legacy,2,a_N100_V3+3D,112.83062491565943
legacy,2,a_N100_V3+3D,112.72720899432898
legacy,2,a_N100_V3+3D,112.3832919402048
legacy,2,a_N100_V3+3D,112.28449991904199
legacy,2,a_N100_V3+3D,112.27029096335173
legacy,2,a_N100_V3+3D,112.41266701836139
legacy,2,a_N100_V3+3D,112.74720809888095
legacy,2,a_N100_V3+3D,112.16291598975658
legacy,2,a_N100_V3+3D,112.20408405642956
legacy,2,a_N100_V3+3D,112.74829192552716
legacy,2,a_N100_V3+3D,112.38058400340378
legacy,2,a_N100_V3+3D,115.12291594408453
legacy,2,a_N100_V3+3D,114.47820800822228
legacy,2,a_N100_V3+3D,114.44550007581711
legacy,2,a_N100_V3+3D,114.61941699963063
legacy,2,a_N100_V3+3D,114.4962920807302
legacy,2,a_N100_V3+3D,114.35695888940245
legacy,2,a_N100_V3+3D,114.8187080398202
legacy,2,a_N100_V3+3D,114.74437499418855
legacy,2,a_N100_V3+3D,114.56216592341661
legacy,2,a_N100_V3+3D,115.48479099292308
legacy,2,a_N100_V3+3D,114.46850001811981
legacy,2,a_N100_V3+3D,114.17183396406472
legacy,2,a_N100_V3+3D,114.31858397554606
legacy,2,a_N100_V3+3D,114.50962501112372
legacy,2,a_N100_V3+3D,114.02629199437797
legacy,2,a_N100_V3+3D,115.28458294924349
legacy,2,a_N100_V3+3D,115.45983399264514
legacy,2,a_N100_V3+3D,114.32208400219679
legacy,2,a_N100_V3+3D,114.04195905197412
legacy,2,a_N100_V3+3D,113.79279103130102
legacy,2,a_N100_V3+3D,113.75904199667275
legacy,2,a_N100_V3+3D,113.81166591309011
legacy,2,a_N100_V3+3D,115.24316610302776
legacy,2,a_N100_V3+3D,115.23899994790554
legacy,2,a_N100_V3+3D,113.96279197651893
legacy,2,a_N100_V3+3D,114.82549994252622
legacy,2,a_N100_V3+3D,113.97966602817178
legacy,2,a_N100_V3+3D,113.95066592376679
legacy,2,a_N100_V3+3D,113.36495890282094
legacy,2,a_N100_V3+3D,113.67220897227526
legacy,2,a_N100_V3+3D,113.6069999774918
legacy,2,a_N100_V3+3D,114.07637491356581
legacy,2,a_N100_V3+3D,113.58287499751896
legacy,2,a_N100_V3+3D,113.51687496062368
legacy,2,a_N100_V3+3D,114.19337498955429
legacy,2,a_N100_V3+3D,113.80591697525233
legacy,2,a_N100_V3+3D,113.82250010501593
legacy,2,a_N100_V3+3D,113.69279096834362
legacy,2,a_N100_V3+3D,113.70595800690353
legacy,2,a_N100_V3+3D,113.72587503865361
legacy,2,a_N100_V3+3D,113.64129197318107
legacy,2,a_N100_V3+3D,113.74820803757757
legacy,2,a_N100_V3+3D,113.29691694118083
legacy,2,a_N100_V3+3D,113.6679999763146
legacy,2,a_N100_V3+3D,113.50924998987466
legacy,2,a_N100_V3+3D,112.99637495540082
legacy,2,a_N100_V3+3D,113.44220791943371
legacy,2,a_N100_V3+3D,113.05454093962908
legacy,2,a_N100_V3+3D,113.22470800951123
legacy,2,a_N100_V3+3D,112.91837505996227
legacy,2,a_N100_V3+3D,113.46866609528661
legacy,2,a_N100_V3+3D,113.33808396011591
legacy,2,a_N100_V3+3D,113.32899995613843
legacy,2,a_N100_V3+3D,113.79887501243502
legacy,2,a_N100_V3+3D,113.37616702076048
legacy,2,a_N100_V3+3D,113.32358291838318
legacy,2,a_N100_V3+3D,113.4741249261424
legacy,2,a_N100_V3+3D,112.99633409362286
legacy,2,a_N100_V3+3D,113.11658401973546
legacy,2,a_N100_V3+3D,113.2627499755472
legacy,2,a_N100_V3+3D,112.44712490588427
legacy,2,a_N100_V3+3D,113.03495801985264
legacy,2,a_N100_V3+3D,111.92633397877216
legacy,2,a_N100_V3+3D,112.31750005390495
legacy,2,a_N100_V3+3D,112.01683303806931
legacy,2,a_N100_V3+3D,112.03708301763982
legacy,2,a_N100_V3+3D,111.5089999511838
legacy,2,a_N100_V3+3D,112.09937499370426
legacy,2,a_N100_V3+3D,112.06266703084111
legacy,2,a_N100_V3+3D,112.13454196695238
legacy,2,a_N100_V3+3D,112.57945804391056
legacy,2,a_N100_V3+3D,111.93833395373076
legacy,2,a_N100_V3+3D,111.69875005725771
legacy,2,a_N100_V3+3D,112.16170806437731
legacy,2,a_N100_V3+3D,111.88275006134063
legacy,2,a_N100_V3+3D,111.92274990025908
legacy,2,a_N100_V3+3D,112.21179098356515
legacy,2,a_N100_V3+3D,113.0167500814423
legacy,2,a_N100_V3+3D,112.71187500096858
legacy,2,a_N100_V3+3D,112.26083291694522
legacy,2,a_N100_V3+3D,115.38104200735688
legacy,2,a_N100_V3+3D,113.00279200077057
legacy,2,a_N100_V3+3D,112.76129202451557
legacy,2,a_N100_V3+3D,112.63429198879749
legacy,2,a_N100_V3+3D,112.21708299126476
legacy,2,a_N100_V3+3D,112.5299169216305
legacy,2,a_N100_V3+3D,112.35629196744412
legacy,2,a_N100_V3+3D,113.21599991060793
legacy,2,a_N100_V3+3D,112.21758299507201
legacy,2,a_N100_V3+3D,112.45187500026077
legacy,2,a_N100_V3+3D,111.48879199754447
legacy,2,a_N100_V3+3D,112.56570904515684
legacy,2,a_N100_V3+3D,112.13024996686727
legacy,2,a_N100_V3+3D,112.43687500245869
legacy,2,a_N100_V3+3D,112.04866599291563
legacy,2,a_N100_V3+3D,112.5691250199452
legacy,2,a_N100_V3+3D,112.57724999450147
legacy,2,a_N100_V3+3D,112.16558294836432
legacy,2,a_N100_V3+3D,111.96591693442315
legacy,2,a_N100_V3+3D,112.65795899089426
legacy,2,a_N100_V3+3D,111.93212505895644
legacy,2,a_N100_V3+3D,112.64966696035117
legacy,2,a_N100_V3+3D,111.91679199691862
legacy,2,a_N100_V3+3D,112.1943750185892
legacy,2,a_N100_V3+3D,112.5519999768585
legacy,2,a_N100_V3+3D,112.38504096399993
legacy,2,a_N100_V3+3D,111.87183391302824
legacy,2,a_N100_V3+3D,111.95887497160584
legacy,2,a_N100_V3+3D,112.6608339836821
legacy,2,a_N100_V3+3D,112.1154580032453
legacy,2,a_N100_V3+3D,111.82270792778581
legacy,2,a_N100_V3+3D,112.95320803765208
legacy,2,a_N100_V3+3D,112.56433301605284
legacy,2,a_N100_V3+3D,112.42091609165072
legacy,2,a_N100_V3+3D,112.2603330295533
legacy,2,a_N100_V3+3D,111.93212505895644
legacy,2,a_N100_V3+3D,112.00745904352516
legacy,2,a_N100_V3+3D,112.46820795349777
legacy,2,a_N100_V3+3D,112.02770797535777
legacy,2,a_N100_V3+3D,112.13316698558629
