plugin,n_boxes,memory_increase_mb
napari-turbobox,10,0.0689945220947265
napari-turbobox,50,0.1221914291381836
napari-turbobox,100,0.1852588653564453
napari-turbobox,200,0.3463239669799804
napari-turbobox,500,0.7854681015014648
napari-turbobox,1000,1.56036376953125
napari-turbobox,2000,3.0071802139282227
napari-turbobox,5000,6.84599494934082
napari-turbobox,10000,13.656571388244627
napari-bbox,10,0.11994075775146484
napari-bbox,50,0.34172630310058594
napari-bbox,100,0.5451517105102539
napari-bbox,200,0.956995964050293
napari-bbox,500,2.1850414276123047
napari-bbox,1000,4.238504409790039
napari-bbox,2000,8.323366165161133
napari-bbox,5000,20.187000274658203
napari-bbox,10000,39.992032051086426
