tool,replicate,panel,n_boxes,n_viewers,n_drags,n_sub,sub_median_ms,sub_p95_ms,sub_p99_ms,commit_median_ms,started
legacy,2,a,10,3+3D,50,3000,3.9211249677464366,4.181743541266769,4.692507081199437,9.724020550493151,2026-09-25T16:17:25
legacy,2,a,50,3+3D,50,3000,4.53793746419251,4.8651981400325885,5.480731008574366,19.554270431399345,2026-09-25T16:19:11
legacy,2,a,100,3+3D,50,3000,5.268229462672025,5.5284169560763985,6.06760991970077,31.686062982771546,2026-09-25T16:20:55
legacy,2,a,200,3+3D,50,3000,6.690104550216347,7.04960806760937,7.7011427679099125,45.675145520363,2026-09-25T16:22:40
legacy,2,a,500,3+3D,50,3000,10.836333443876356,11.511939240153879,12.873783393297344,78.77947948873043,2026-09-25T16:24:26
legacy,2,a,1000,3+3D,50,3000,17.78112497413531,18.69140801136382,20.21774790016934,130.56650053476915,2026-09-25T16:26:14
legacy,2,b,100,1,50,3000,1.4352499856613576,1.5805229428224263,1.9919800979550923,6.81697903200984,2026-09-25T16:28:08
legacy,2,b,100,2,50,3000,3.3803124679252505,3.5717708116862923,4.051103009842335,11.649999942164868,2026-09-25T16:29:49
legacy,2,b,100,4,50,3000,7.242395484354347,7.605225045699625,8.289947496959938,21.714187460020185,2026-09-25T16:31:31
legacy,2,b,100,8,50,3000,14.976791513618082,15.435316984076053,16.363966164644804,41.49764549219981,2026-09-25T16:33:15
