tool,panel,n_boxes,n_viewers,k,median_ms,ci_lo,ci_hi,p95_ms,p99_ms,commit_median_ms
legacy,a,10,3+3D,3,8.851354010403156,8.810520987026393,9.03587497305125,9.945893398253247,10.751321786083274,17.811750003602356
legacy,a,100,3+3D,3,9.823916538152844,9.72268747864291,9.858917037490755,10.579117282759398,11.020088812801989,43.5480204760097
legacy,a,1000,3+3D,3,19.827500043902543,19.75827047135681,20.114124985411763,20.617795805446804,21.628850215347484,129.26962546771392
legacy,a,10000,3+3D,3,155.67304147407413,155.20797891076654,158.8860205374658,160.11029135552235,167.94727423926815,1055.280416563619
legacy,b,100,1,3,6.792353990022093,6.733187532518059,6.847583514172584,8.951327076647429,9.82729907729663,16.435395984444767
legacy,b,100,2,3,8.50456248736009,8.412541064899415,8.560500049497932,11.271575058344748,13.066677533788605,20.95297904452309
legacy,b,100,4,3,11.162104492541404,11.088792001828551,11.238603969104588,11.880133353406563,12.340018937829882,28.31029199296609
legacy,b,100,8,3,17.84899999620393,17.838021041825414,17.860937514342368,18.286593462107703,18.879425554769114,43.308812484610826
modern,a,10,3+3D,3,8.081541571300477,8.069290954153985,8.092249976471066,9.898633311968297,11.523792956722898,7.244187989272177
modern,a,100,3+3D,3,8.16045847022906,8.115479489788413,8.168937463779002,9.944263164652511,11.029735727934169,17.64681248459965
modern,a,1000,3+3D,3,8.46662448020652,8.398583042435348,8.581979549489915,10.356243705609812,11.076341239968311,22.757291444577277
modern,a,10000,3+3D,3,8.027395466342568,7.75508297374472,8.238520997110754,12.57151654572226,13.348979925503954,30.03902151249349
modern,b,100,1,3,5.298417003359646,5.292020505294204,5.351541505660862,6.931392307160422,7.514775380259379,3.3323539537377656
modern,b,100,2,3,7.140416011679918,7.131187536288053,7.207521004602313,8.93589374027215,9.907457325607538,4.953854018822312
modern,b,100,4,3,8.902270521502942,8.701771032065153,9.188416472170502,11.272449733223766,11.780551909469068,7.163541507907212
modern,b,100,8,3,9.183312475215644,9.173437429126352,9.221832966431975,10.328812745865434,10.729716260684654,11.175708030350506
